Post URL,Username,Total Likes,Post Upload Date
https://www.instagram.com/p/CdKMxqNvqjo/,distributor_pulsamurah.id,0,2022-05-05
https://www.instagram.com/p/CdCkZwbvfJT/,idropkuota,11,2022-05-02
https://www.instagram.com/p/CdA0PijrOno/,dyanaadriyanti1128,5,2022-05-01
https://www.instagram.com/p/CdApI-OvFT6/,_cheonsa.ine,0,2022-05-01
https://www.instagram.com/p/CdAjSEIrbCV/,rashiilalang,1,2022-05-01
https://www.instagram.com/p/CdAiQEoruhb/,gaizkaaisyah,8,2022-05-01
https://www.instagram.com/p/CdAiM_wvkpi/,pieepia,0,2022-05-01
https://www.instagram.com/p/CdAgxmArfkU/,fabriasa_,2,2022-05-01
https://www.instagram.com/p/CdAdPPep_kB/,emaregita,2,2022-05-01
https://www.instagram.com/p/CdAcwGALRQ_/,michael.h.f,9,2022-05-01
https://www.instagram.com/p/CdAc2eWLJzN/,tiara.salwa,4,2022-05-01
https://www.instagram.com/p/CdAcnpZLMmI/,michael.h.f,9,2022-05-01
https://www.instagram.com/p/CdAcUC0vg0y/,dindaa.devi,4,2022-05-01
https://www.instagram.com/p/CdAbn3trhNn/,zahranh___,5,2022-05-01
https://www.instagram.com/p/CdAbYLJPRBG/,milkypieeas,0,2022-05-01
https://www.instagram.com/p/CdAbaHTr2H1/,sabrinanuraa,4,2022-05-01
https://www.instagram.com/p/CdAaNfZJiWS/,praswahyu08,1,2022-05-01
https://www.instagram.com/p/CdAZg9OBBm0/,pramatainra,2,2022-05-01
https://www.instagram.com/p/CdAYUTfvP7b/,fauzhieapr,0,2022-05-01
https://www.instagram.com/p/CdAWi5ApQaz/,grrrl.shb,11,2022-05-01
https://www.instagram.com/p/CdAWMuVrp94/,anisasrynii,10,2022-05-01
https://www.instagram.com/p/CdAV9Hmv_g3/,sandibayu_,11,2022-05-01
https://www.instagram.com/p/CdAV3mEvAv4/,assadiyahlm_,8,2022-05-01
https://www.instagram.com/p/CdAVkl2vKMe/,yangjihans,3,2022-05-01
https://www.instagram.com/p/CdAVlYSpXQl/,hannaaa20._,2,2022-05-01
https://www.instagram.com/p/CdAVTS6r9CA/,rivansariq,3,2022-05-01
https://www.instagram.com/p/CdAVQUgvor0/,amalia.s.p,0,2022-05-01
https://www.instagram.com/p/CdAU7z9JSiH/,alifiawda,6,2022-05-01
https://www.instagram.com/p/CdAUo1XJEw7/,demas_fbrz,2,2022-05-01
https://www.instagram.com/p/CdAUiA4PSdY/,winaalyptr,2,2022-05-01
https://www.instagram.com/p/CdAUXGsp4Li/,talithareina,0,2022-05-01
https://www.instagram.com/p/CdAUCeMBpMc/,amaa.sasa,2,2022-05-01
https://www.instagram.com/p/CdAUC5Wv5Hb/,avfh_via,2,2022-05-01
https://www.instagram.com/p/CdAUHopLklq/,nikianandaa,2,2022-05-01
https://www.instagram.com/p/CdAT1pULp06/,lailajamill,1,2022-05-01
https://www.instagram.com/p/CdATsWfJTeF/,abdakmll,1,2022-05-01
https://www.instagram.com/p/CdATeoqL46v/,raihanalasyrf22,3,2022-05-01
https://www.instagram.com/p/CdATh3XPzzL/,alifahmldn,0,2022-05-01
https://www.instagram.com/p/CdAS_7kP1Tr/,sahylv_,7,2022-05-01
https://www.instagram.com/p/CdAS0EtJc0G/,syafiraap5,2,2022-05-01
https://www.instagram.com/p/CdASsMzhKq6/,rhnsaliim,0,2022-05-01
https://www.instagram.com/p/CdASi_JrODT/,anita.arn,7,2022-05-01
https://www.instagram.com/p/CdARw5Jh8Gl/,nelcourse,2,2022-05-01
https://www.instagram.com/p/CdAQM9NrZ3R/,mhm_joan,30,2022-05-01
https://www.instagram.com/p/CdAQD2tFMpy/,fitristachan,1,2022-05-01
https://www.instagram.com/p/CdAPzrWrRxz/,_ryryana,3,2022-05-01
https://www.instagram.com/p/CdAPg-YJaF8/,saskiaalvii,0,2022-05-01
https://www.instagram.com/p/CdAPBAdpLfQ/,jasminecintaa,4,2022-05-01
https://www.instagram.com/p/CdAOl4Evaat/,nabilaaa.sn,14,2022-05-01
https://www.instagram.com/p/CdAMSPULeNw/,dewipuspaa_,6,2022-05-01
https://www.instagram.com/p/CdAL-MorNx-/,mutiara.gitaa,8,2022-05-01
https://www.instagram.com/p/CdAKGhOP-9G/,nmrssy_,2,2022-05-01
https://www.instagram.com/p/CdAJXEsBYEw/,salsabilahanii,9,2022-05-01
https://www.instagram.com/p/CdAI5p3L55D/,fini.nolaaa,1,2022-05-01
https://www.instagram.com/p/CdAIFeAPFRb/,surintamaharani_,2,2022-05-01
https://www.instagram.com/p/Cc9t_pEN4GF/,circle_k_indonesia,6,2022-04-30
https://www.instagram.com/p/Cc6sC3Svg3C/,lapakvoltase,18,2022-04-29
https://www.instagram.com/p/CcKGX0ppsOk/,myukim_olshop,1,2022-04-10
https://www.instagram.com/p/CcKGZraJqWn/,myukim_olshop,2,2022-04-10
https://www.instagram.com/p/CcKGV8OJ0TG/,myukim_olshop,2,2022-04-10
https://www.instagram.com/p/CcKGbdSpJzo/,myukim_olshop,1,2022-04-10
https://www.instagram.com/p/CcKGT0HJHnC/,myukim_olshop,2,2022-04-10
https://www.instagram.com/p/CcGR4uOpbwT/,kenzoraphaelirwanto,15,2022-04-08
https://www.instagram.com/p/Cb-AKfHP6GK/,candracell_official,3,2022-04-05
https://www.instagram.com/p/Cb7y8qUvaSm/,itsmeeelah,0,2022-04-04
https://www.instagram.com/p/Cb7gyWLPwcu/,hs_c99,0,2022-04-04
https://www.instagram.com/p/Cb62lMDvL9S/,sinmaofficial,6,2022-04-04
https://www.instagram.com/p/Cb6uwioh8K0/,jinbookit,1,2022-04-04
https://www.instagram.com/p/Cb6pfHLlysW/,cswwh097,1,2022-04-04
https://www.instagram.com/p/Cb6kUAnJ-Oo/,popwiz85,6,2022-04-04
https://www.instagram.com/p/Cb6T32nr5yB/,cityangel78,0,2022-04-04
https://www.instagram.com/p/Cb5iMQwvzad/,captain.memeng,0,2022-04-03
https://www.instagram.com/p/Cb5VqX2Jqgp/,misstoy.28,7,2022-04-03
https://www.instagram.com/p/Cb5TbfEprYE/,hair_care_professional,0,2022-04-03
https://www.instagram.com/p/Cb5TAitpWVu/,khuzaaiman,0,2022-04-03
https://www.instagram.com/p/Cb5RqihP7_l/,macwin_chee,1,2022-04-03
https://www.instagram.com/p/Cb5Qhe_JQya/,jlakshmi_lakshmi,0,2022-04-03
https://www.instagram.com/p/Cb5PNaOJYDX/,ming2133,1,2022-04-03
https://www.instagram.com/p/Cb469BjPtK-/,deww512,0,2022-04-03
https://www.instagram.com/p/Cb46j_VP9ci/,deww512,0,2022-04-03
https://www.instagram.com/p/Cb44GiUJr4r/,popwiz85,3,2022-04-03
https://www.instagram.com/p/Cb41YiSBZqh/,tanee198,0,2022-04-03
https://www.instagram.com/p/Cb4o2Whph_o/,anthonytang13,0,2022-04-03
https://www.instagram.com/p/Cb4fYMWpSJR/,sallymichelle8,0,2022-04-03
https://www.instagram.com/p/Cb3-M3Qv_Op/,hs_c99,0,2022-04-03
https://www.instagram.com/p/Cb33Z5lvRB8/,eclipselini,0,2022-04-03
https://www.instagram.com/p/Cb27FF3v2hG/,macwin_chee,1,2022-04-02
https://www.instagram.com/p/Cb24TYfvgo6/,suria_tropicana_homestay,0,2022-04-02
https://www.instagram.com/p/Cb23OCGBTt3/,jinbookit,0,2022-04-02
https://www.instagram.com/p/Cb2NyCypAl7/,misstoy.28,4,2022-04-02
https://www.instagram.com/p/CbwbQAYpqNn/,ahshadamadaran,0,2022-03-31
https://www.instagram.com/p/CbvE0lBPLnk/,macwin_chee,1,2022-03-30
https://www.instagram.com/p/CbuhZy4Ja9y/,cityangel78,1,2022-03-30
https://www.instagram.com/p/CbuR-Egv7EE/,agenpulsadigital,1,2022-03-30
https://www.instagram.com/p/CbuRd13vWgC/,agenpulsadigital,1,2022-03-30
https://www.instagram.com/p/CbuRoKMPquW/,agenpulsadigital,2,2022-03-30
https://www.instagram.com/p/CbtrG0ZvX_a/,hs_c99,0,2022-03-30
https://www.instagram.com/p/CbtboNGpZIT/,kusuka.store,11,2022-03-30
https://www.instagram.com/p/CbswbagBfwI/,khuzaaiman,1,2022-03-29
https://www.instagram.com/p/CbsvKv3htH1/,khuzairuazwan,0,2022-03-29
https://www.instagram.com/p/CbskKMMJxjL/,anthonytang13,0,2022-03-29
https://www.instagram.com/p/Cbsew2Rv8yw/,macwin_chee,2,2022-03-29
https://www.instagram.com/p/CbsBtNFvLTV/,suria_tropicana_homestay,0,2022-03-29
https://www.instagram.com/p/Cbr0F8LrNAu/,khuzairuazwan,0,2022-03-29
https://www.instagram.com/p/Cbq8RtOPXLm/,mohd_zainizam,0,2022-03-29
https://www.instagram.com/p/CbqzPV3PgUw/,kentusana,0,2022-03-29
https://www.instagram.com/p/CbqzQOhv0tz/,kentusana,0,2022-03-29
https://www.instagram.com/p/Cbp9PVGPMPu/,macwin_chee,2,2022-03-28
https://www.instagram.com/p/CbpBRnVhRAv/,sugarbumbimbum,1,2022-03-28
https://www.instagram.com/p/CbpAMgbBbqc/,lini_aqilah.aqil.arif,0,2022-03-28
https://www.instagram.com/p/Cbo7nXBJRh6/,ming2133,1,2022-03-28
https://www.instagram.com/p/CbndlHWvlyu/,macwin_chee,1,2022-03-27
https://www.instagram.com/p/CbnXuj8vnHE/,kentusana,0,2022-03-27
https://www.instagram.com/p/CbnXvSYvo7L/,kentusana,0,2022-03-27
https://www.instagram.com/p/CbnOVvKJcOp/,anthonytang13,0,2022-03-27
https://www.instagram.com/p/Cbl_XjAp_wy/,crystal.9777,1,2022-03-27
https://www.instagram.com/p/Cbldt0WvAMm/,kentusana,1,2022-03-26
https://www.instagram.com/p/CbldqzuvzIz/,kentusana,0,2022-03-26
https://www.instagram.com/p/CbkysL0P21G/,macwin_chee,1,2022-03-26
https://www.instagram.com/p/CbkLoriB_jo/,tanee198,0,2022-03-26
https://www.instagram.com/p/Cbj_AtJhaEf/,phipang_tor,3,2022-03-26
https://www.instagram.com/p/CbjZB4NJGtS/,jess_kitkat88,0,2022-03-26
https://www.instagram.com/p/Cbi5K3GvJGM/,kentusana,0,2022-03-25
https://www.instagram.com/p/Cbi5CSpP2vD/,kentusana,0,2022-03-25
https://www.instagram.com/p/CbiZxPhv4r0/,macwin_chee,1,2022-03-25
https://www.instagram.com/p/CbiH6lsP641/,pikaaa_cu,0,2022-03-25
https://www.instagram.com/p/CbiIFFTpGzw/,khuzaaiman,0,2022-03-25
https://www.instagram.com/p/CbiH0Mgh3yu/,khuzairuazwan,0,2022-03-25
https://www.instagram.com/p/Cbh0NSWvuLD/,hs_c99,0,2022-03-25
https://www.instagram.com/p/CbhGOfPrA48/,fa_far8285,1,2022-03-25
https://www.instagram.com/p/CbhGNgqrQvd/,fa_far8285,0,2022-03-25
https://www.instagram.com/p/CbhGK4grlwU/,fa_far8285,0,2022-03-25
https://www.instagram.com/p/CbFylS4BpJf/,jinbookit,0,2022-03-14
https://www.instagram.com/p/CbFuHH5JSJo/,jlakshmi_lakshmi,0,2022-03-14
https://www.instagram.com/p/CbFszruhh7j/,jinbookit,0,2022-03-14
https://www.instagram.com/p/CbFssKyJ-Vf/,heartoujisama,0,2022-03-14
https://www.instagram.com/p/CbFsUkmPYsE/,kentusana,0,2022-03-14
https://www.instagram.com/p/CbFsVSPPvej/,kentusana,0,2022-03-14
https://www.instagram.com/p/CbFoXipv8ii/,kakab_chips,0,2022-03-14
https://www.instagram.com/p/CbFnqchBoLV/,uven0606,0,2022-03-14
https://www.instagram.com/p/CbFmF3mJ2yJ/,seinloi,0,2022-03-14
https://www.instagram.com/p/CbFmBfqPsOn/,kentusana,0,2022-03-14
https://www.instagram.com/p/CbFl_Y2vv0n/,kentusana,0,2022-03-14
https://www.instagram.com/p/CbFiD9MFXw4/,leslierain,0,2022-03-14
https://www.instagram.com/p/CbFSCazrr9d/,phoon_serene,0,2022-03-14
https://www.instagram.com/p/CbEyUvkhMVN/,adriankhor91,1,2022-03-14
https://www.instagram.com/p/CbEfU2RP3Wo/,puan_norsiah,0,2022-03-14
https://www.instagram.com/p/CbEdYpzrtAF/,khuzairuazwan,0,2022-03-14
https://www.instagram.com/p/CbEc-5qpDm7/,khuzaaiman,0,2022-03-14
https://www.instagram.com/p/CbEc7bdL4bX/,pikaaa_cu,0,2022-03-14
https://www.instagram.com/p/CbEXjvduxj8/,lapakgaming.id,140,2022-03-14
https://www.instagram.com/p/CbESxMVvRwt/,arnoldlee99,0,2022-03-14
https://www.instagram.com/p/CbD6CZmB79_/,phoon_serene,0,2022-03-13
https://www.instagram.com/p/CbD6Ct3v5Av/,syafiqnazmi2012,0,2022-03-13
https://www.instagram.com/p/CbDoLLDBRG-/,hair_care_professional,1,2022-03-13
https://www.instagram.com/p/CbDdciaP1hh/,macwin_chee,1,2022-03-13
https://www.instagram.com/p/CbDTjpZJuHK/,squallteo89,0,2022-03-13
https://www.instagram.com/p/CbC6_5wJ4F_/,dalili_licious,0,2022-03-13
https://www.instagram.com/p/CbBtMOHvGUv/,kentusana,0,2022-03-13
https://www.instagram.com/p/CbBs9omPWiB/,kentusana,0,2022-03-13
https://www.instagram.com/p/CbA6dQsvvWj/,macwin_chee,1,2022-03-12
https://www.instagram.com/p/CbAuclipZ3D/,squallteo89,0,2022-03-12
https://www.instagram.com/p/CbAX7fgBE2E/,jinbookit,0,2022-03-12
https://www.instagram.com/p/CbADoZip-TW/,freddy_khong,0,2022-03-12
https://www.instagram.com/p/CbABlECpfvo/,webling3,0,2022-03-12
https://www.instagram.com/p/Ca_q6xmJPFz/,ruth_art123,2,2022-03-12
https://www.instagram.com/p/Ca_RsqzPuHc/,ghost.storegames,0,2022-03-12
https://www.instagram.com/p/Ca-Ll-kPWAU/,macwin_chee,1,2022-03-11
https://www.instagram.com/p/Ca-H8g-pKJI/,squallteo89,0,2022-03-11
https://www.instagram.com/p/Ca98uUWBddL/,almabrur.enterprise,0,2022-03-11
https://www.instagram.com/p/Ca9QP5sL6Hi/,szehoou,2,2022-03-11
https://www.instagram.com/p/Ca9IwURpRio/,musjalina,2,2022-03-11
https://www.instagram.com/p/Ca9AtObPNJA/,kentusana,0,2022-03-11
https://www.instagram.com/p/Ca9AmzmvLpO/,kentusana,0,2022-03-11
https://www.instagram.com/p/Ca1qsM0pM6c/,anthonytang13,0,2022-03-08
https://www.instagram.com/p/Ca0_syQpfIJ/,ahshadamadaran,1,2022-03-08
https://www.instagram.com/p/Ca0O7OoBZbh/,khuzairuazwan,0,2022-03-07
https://www.instagram.com/p/Ca0Lv8aBwhS/,khuzaaiman,0,2022-03-07
https://www.instagram.com/p/Caz0hLwvtdB/,macwin_chee,1,2022-03-07
https://www.instagram.com/p/CazyP4Fpr_n/,squallteo89,0,2022-03-07
https://www.instagram.com/p/CayLgIsvsMJ/,kentusana,0,2022-03-07
https://www.instagram.com/p/CayLWhZPjYh/,kentusana,0,2022-03-07
https://www.instagram.com/p/CayF6dqv9Nu/,_sitiaisyah66,3,2022-03-07
https://www.instagram.com/p/Caxk8_ZBOxl/,macwin_chee,1,2022-03-06
https://www.instagram.com/p/Caxbesvv3M7/,squallteo89,0,2022-03-06
https://www.instagram.com/p/CaxLvS_pvKl/,padmanamarket,2,2022-03-06
https://www.instagram.com/p/CaxKqs2JhNd/,nashikin19,0,2022-03-06
https://www.instagram.com/p/CaxFdGXpeUc/,anthonytang13,0,2022-03-06
https://www.instagram.com/p/CavvgqivB9Q/,kentusana,0,2022-03-06
https://www.instagram.com/p/CavvUr_vmWo/,kentusana,0,2022-03-06
https://www.instagram.com/p/CavEufMBgea/,hair_care_professional,1,2022-03-05
https://www.instagram.com/p/Cau657svZnE/,macwin_chee,1,2022-03-05
https://www.instagram.com/p/CauzzaMPYVM/,squallteo89,0,2022-03-05
https://www.instagram.com/p/CaulWOPpMK9/,nashikin19,0,2022-03-05
https://www.instagram.com/p/CauCX_EBqod/,pesmobileetopup,35,2022-03-05
https://www.instagram.com/p/CatJjh5PnQ1/,kentusana,0,2022-03-05
https://www.instagram.com/p/CatJWNevM-K/,kentusana,0,2022-03-05
https://www.instagram.com/p/CatCFMXh3rV/,zailock,0,2022-03-05
https://www.instagram.com/p/CasI75NpODG/,squallteo89,1,2022-03-04
https://www.instagram.com/p/CasDwcaPeSS/,macwin_chee,1,2022-03-04
https://www.instagram.com/p/Caq7eDNJBNz/,popwiz85,3,2022-03-04
https://www.instagram.com/p/Caqo78Qvx_e/,samng1984,0,2022-03-04
https://www.instagram.com/p/Cap6EqcBooY/,hair_care_professional,2,2022-03-03
https://www.instagram.com/p/CaptooFPh1o/,macwin_chee,1,2022-03-03
https://www.instagram.com/p/CafMcNIpd4A/,squallteo89,0,2022-02-27
https://www.instagram.com/p/Cae2YI8ltYD/,ms_pikaa,0,2022-02-27
https://www.instagram.com/p/CaeDX7qldn6/,ck_ck_777,1,2022-02-27
https://www.instagram.com/p/Cad14VjPOBX/,szehoouliew,1,2022-02-27
https://www.instagram.com/p/Cadrpduv4M_/,kentusana,0,2022-02-27
https://www.instagram.com/p/Cadrc5DPKmq/,kentusana,0,2022-02-27
https://www.instagram.com/p/CadWeciBgnn/,hair_care_professional,1,2022-02-26
https://www.instagram.com/p/Cacx2tSPh1F/,macwin_chee,2,2022-02-26
https://www.instagram.com/p/Cact9c9v5tg/,syafiqnazmi2012,1,2022-02-26
https://www.instagram.com/p/CacnMOaJE2O/,squallteo89,1,2022-02-26
https://www.instagram.com/p/Cach0-5peC3/,dalili_licious,0,2022-02-26
https://www.instagram.com/p/Cacdzf2h8TU/,sugarbumbimbum,0,2022-02-26
https://www.instagram.com/p/CacWp4MJ4qV/,popwiz85,5,2022-02-26
https://www.instagram.com/p/Cab7YbvtN3N/,leonpulsaofficial,22,2022-02-26
https://www.instagram.com/p/Cab6IXSJ_iO/,fa_far8285,0,2022-02-26
https://www.instagram.com/p/Cab6HNVJSic/,fa_far8285,0,2022-02-26
https://www.instagram.com/p/Cab6GDYJiLw/,fa_far8285,0,2022-02-26
https://www.instagram.com/p/CabDn7aPoK8/,kentusana,0,2022-02-26
https://www.instagram.com/p/CaacRu3hCCN/,macwin_chee,2,2022-02-25
https://www.instagram.com/p/CaZ-mLeh1-Y/,jinbookit,0,2022-02-25
https://www.instagram.com/p/CaZvobGBK83/,splashyl8s,0,2022-02-25
https://www.instagram.com/p/CaZnjQbPMEm/,pikaaa_cu,0,2022-02-25
https://www.instagram.com/p/CaY_usmPqEI/,athy4408,0,2022-02-25
https://www.instagram.com/p/CaYviu5Fzax/,yanticell__,6,2022-02-25
https://www.instagram.com/p/CaYpK2Pvwa2/,kakab_chips,0,2022-02-25
https://www.instagram.com/p/CaYpLQwJhB-/,athy4408,0,2022-02-25
https://www.instagram.com/p/CaYo7t_vpM1/,kakab_chips,1,2022-02-25
https://www.instagram.com/p/CaYhUYXBxYx/,tanee198,0,2022-02-25
https://www.instagram.com/p/CaYXxQRPL1t/,coolgabby9889,0,2022-02-25
https://www.instagram.com/p/CaX3eaXh52Q/,hair_care_professional,1,2022-02-24
https://www.instagram.com/p/CaN8w72PHyB/,cheewing_wong,1,2022-02-20
https://www.instagram.com/p/CaNeCGMBk9q/,hair_care_professional,1,2022-02-20
https://www.instagram.com/p/CaMhxc4hWnA/,loveablelubbyy,0,2022-02-20
https://www.instagram.com/p/CaMbUP8pNZf/,hair_care_professional,1,2022-02-20
https://www.instagram.com/p/CaMHyh7Pouh/,suria_tropicana_homestay,0,2022-02-20
https://www.instagram.com/p/CaJa6gHBcxz/,timipulsa,30,2022-02-19
https://www.instagram.com/p/CaENV1Wvh-m/,bakoelpulsaid,6,2022-02-17
https://www.instagram.com/p/CZ6fF5hvkgV/,kangdata_id,3,2022-02-13
https://www.instagram.com/p/CZ2LaDfBKj9/,isidisini_,2,2022-02-11
https://www.instagram.com/p/CZ08JT2rOEw/,kiosercom,16,2022-02-11
https://www.instagram.com/p/CZ0Qld9h-M8/,jb_alfarizi,2,2022-02-11
https://www.instagram.com/p/CZtr8ChApV2/,nagayapulsa,95,2022-02-08
https://www.instagram.com/p/CZtZzcfPM0_/,sipintarpay,6,2022-02-08
https://www.instagram.com/p/CZsuMPaP739/,keranjangsosmed,0,2022-02-08
https://www.instagram.com/p/CZg4tqGhFEz/,isidisini_,2,2022-02-03
https://www.instagram.com/p/CZg425SBR5f/,isidisini_,2,2022-02-03
https://www.instagram.com/p/CZewgjFha_T/,lg.han.16,0,2022-02-02
https://www.instagram.com/p/CZem8uQBnta/,anandz_philip,3,2022-02-02
https://www.instagram.com/p/CZefDBapq1X/,nor4_shikin,6,2022-02-02
https://www.instagram.com/p/CZeY9jEvN7S/,jelitareload.official,36,2022-02-02
https://www.instagram.com/p/CZeTX5UPQN7/,pikaaa_cu,0,2022-02-02
https://www.instagram.com/p/CZePIWnJQDp/,kaushelia86,7,2022-02-02
https://www.instagram.com/p/CZd_5FovLFd/,kentusana,0,2022-02-02
https://www.instagram.com/p/CZd_00JvN9i/,kentusana,0,2022-02-02
https://www.instagram.com/p/CZd-XHEvfuR/,kentusana,1,2022-02-02
https://www.instagram.com/p/CZd-ao0PU0l/,kentusana,0,2022-02-02
https://www.instagram.com/p/CZd7TOwPS6v/,sinmaofficial,3,2022-02-02
https://www.instagram.com/p/CZdulcQP_8s/,idropkuota,8,2022-02-02
https://www.instagram.com/p/CZdkLXalVVJ/,judy.chok,0,2022-02-02
https://www.instagram.com/p/CZdekjvPOmu/,multijasa_21,2,2022-02-02
https://www.instagram.com/p/CZdXesqJIsX/,tathiwarat,0,2022-02-02
https://www.instagram.com/p/CZdGDldBUZ6/,coolgabby9889,0,2022-02-02
https://www.instagram.com/p/CZdC5dChAs-/,crystal.9777,0,2022-02-01
https://www.instagram.com/p/CZcj5V8hw_d/,khuzairuazwan,1,2022-02-01
https://www.instagram.com/p/CZci1nfPNZP/,pikaaa_cu,0,2022-02-01
https://www.instagram.com/p/CZcdUA_v3H5/,steamboattomyampadu,2,2022-02-01
https://www.instagram.com/p/CZcco-YPKvt/,macwin_chee,1,2022-02-01
https://www.instagram.com/p/CZcPyC3vEcU/,puan_norsiah,1,2022-02-01
https://www.instagram.com/p/CZcPW1cpfR1/,hair_care_professional,1,2022-02-01
https://www.instagram.com/p/CZcKS0Dhdxb/,khuzairuazwan,1,2022-02-01
https://www.instagram.com/p/CZcG4ncB-h9/,leslierain,0,2022-02-01
https://www.instagram.com/p/CZcD2i1J1RD/,nazmihssn,5,2022-02-01
https://www.instagram.com/p/CZbJKm7h3Vq/,almabrur.enterprise,0,2022-02-01
https://www.instagram.com/p/CZbD9ymv0QN/,jelitareload.official,35,2022-02-01
https://www.instagram.com/p/CZbDwbFvrEK/,jelitareload.official,34,2022-02-01
https://www.instagram.com/p/CZa_iokBLas/,lg.han.16,0,2022-02-01
https://www.instagram.com/p/CZapQZGvVuE/,kentusana,0,2022-02-01
https://www.instagram.com/p/CZapU5FPdC3/,kentusana,0,2022-02-01
https://www.instagram.com/p/CZaojd9vRJ1/,kentusana,0,2022-02-01
https://www.instagram.com/p/CZaoeWGv2I8/,kentusana,0,2022-02-01
https://www.instagram.com/p/CZaEWSDB4Iv/,hair_care_professional,1,2022-01-31
https://www.instagram.com/p/CZaDCrPh2Wi/,tathiwarat,0,2022-01-31
https://www.instagram.com/p/CZZwglSBm-k/,jinbookit,0,2022-01-31
https://www.instagram.com/p/CZZsOIuPZsC/,macwin_chee,1,2022-01-31
https://www.instagram.com/p/CZZr1UNveDl/,heartoujisama,0,2022-01-31
https://www.instagram.com/p/CZZqijkJH5M/,squallteo89,0,2022-01-31
https://www.instagram.com/p/CZZigpsh7W1/,khuzairuazwan,1,2022-01-31
https://www.instagram.com/p/CZYz2dUPKKr/,kentusana,0,2022-01-31
https://www.instagram.com/p/CZYzwvOP5-4/,kentusana,0,2022-01-31
https://www.instagram.com/p/CZYh1jlp9ct/,brennaliow,9,2022-01-31
https://www.instagram.com/p/CZYUQ4LLcB9/,vincent.chew92,4,2022-01-31
https://www.instagram.com/p/CZYJhU2vdoZ/,vincent.chew92,4,2022-01-31
https://www.instagram.com/p/CZYH-ruBNHx/,leslierain,0,2022-01-31
https://www.instagram.com/p/CZXwRAvB5j4/,tathiwarat,0,2022-01-30
https://www.instagram.com/p/CZXM0MfJATi/,squallteo89,0,2022-01-30
https://www.instagram.com/p/CZXLuRiPzPD/,macwin_chee,1,2022-01-30
https://www.instagram.com/p/CZXIZuCB0Tp/,almabrur.enterprise,0,2022-01-30
https://www.instagram.com/p/CZXE8YIP0M8/,yongwei27385,0,2022-01-30
https://www.instagram.com/p/CZW-P2EvPuX/,pfl_2032,0,2022-01-30
https://www.instagram.com/p/CZWywuPJccs/,suria_tropicana_homestay,0,2022-01-30
https://www.instagram.com/p/CZWU3nnP8B9/,kentusana,0,2022-01-30
https://www.instagram.com/p/CZWUy4gPwKE/,kentusana,0,2022-01-30
